Protein_ID,Sequence,Class
Q9BY76,MSGAPTAGAALMLCAATAVLLSAQGGPVQSKSPRFASWDEMNVLAHGLLQLGQGLREHAERTRSQLSALERRLSACGSACQGTEGSTDLPLAPESRVDPEVLHSLQTQLKAQNSRIQQLFHKVAQQQRHLEKQHLRIQHLQSQFGLLDHKHLDHEVAKPARRKRLPEMAQPVDPAHNVSRLHRLPRDCQELFQVGERQSGLFEIQPQGSPPFLVNCKMTSDGGWTVIQRRHDGSVDFNRPWEAYKAGFGDPHGEFWLGLEKVHSITGDRNSRLAVQLRDWDGNAELLQFSVHLGGEDTAYSLQLTAPVAGQLGATTVPPSGLSVPFSTWDQDHDLRRDKNCAKSLSGGWWFGTCSHSNLNGQYFRSIPQQRQKLKKGIFWKTWRGRYYPLQATTMLIQPMAAEAAS,ECM
P07355,MSTVHEILCKLSLEGDHSTPPSAYGSVKAYTNFDAERDALNIETAIKTKGVDEVTIVNILTNRSNAQRQDIAFAYQRRTKKELASALKSALSGHLETVILGLLKTPAQYDASELKASMKGLGTDEDSLIEIICSRTNQELQEINRVYKEMYKTDLEKDIISDTSGDFRKLMVALAKGRRAEDGSVIDYELIDQDARDLYDAGVKRKGTDVPKWISIMTERSVPHLQKVFDRYKSYSPYDMLESIRKEVKGDLENAFLNLVQCIQNKPLYFADRLYDSMKGKGTRDKVLIRIMVSRSEVDMLKIRSEFKRKYGKSLYYYIQQDTKGDYQKALLYLCGGDD,ECM
Q9BXN1,MKEYVLLLFLALCSAKPFFSPSHIALKNMMLKDMEDTDDDDDDDDDDDDDDEDNSLFPTREPRSHFFPFDLFPMCPFGCQCYSRVVHCSDLGLTSVPTNIPFDTRMLDLQNNKIKEIKENDFKGLTSLYGLILNNNKLTKIHPKAFLTTKKLRRLYLSHNQLSEIPLNLPKSLAELRIHENKVKKIQKDTFKGMNALHVLEMSANPLDNNGIEPGAFEGVTVFHIRIAEAKLTSVPKGLPPTLLELHLDYNKISTVELEDFKRYKELQRLGLGNNKITDIENGSLANIPRVREIHLENNKLKKIPSGLPELKYLQIIFLHSNSIARVGVNDFCPTVPKMKKSLYSAISLFNNPVKYWEMQPATFRCVLSRMSVQLGNFGM,ECM
P01137,MPPSGLRLLLLLLPLLWLLVLTPGRPAAGLSTCKTIDMELVKRKRIEAIRGQILSKLRLASPPSQGEVPPGPLPEAVLALYNSTRDRVAGESAEPEPEPEADYYAKEVTRVLMVETHNEIYDKFKQSTHSIYMFFNTSELREAVPEPVLLSRAELRLLRLKLKVEQHVELYQKYSNNSWRYLSNRLLAPSDSPEWLSFDVTGVVRQWLSRGGEIEGFRLSAHCSCDSRDNTLQVDINGFTTGRRGDLATIHGMNRPFLLLMATPLERAQHLQSSRHRRALDTNYCFSSTEKNCCVRQLYIDFRKDLGWKWIHEPKGYHANFCLGPCPYIWSLDTQYSKVLALYNQHNPGASAAPCCVPQALEPLPIVYYVGRKPKVEQLSNMIVRSCKCS,ECM
Q8N6G6,MECCRRATPGTLLLFLAFLLLSSRTARSEEDRDGLWDAWGPWSECSRTCGGGASYSLRRCLSSKSCEGRNIRYRTCSNVDCPPEAGDFRAQQCSAHNDVKHHGQFYEWLPVSNDPDNPCSLKCQAKGTTLVVELAPKVLDGTRCYTESLDMCISGLCQIVGCDHQLGSTVKEDNCGVCNGDGSTCRLVRGQYKSQLSATKSDDTVVAIPYGSRHIRLVLKGPDHLYLETKTLQGTKGENSLSSTGTFLVDNSSVDFQKFPDKEILRMAGPLTADFIVKIRNSGSADSTVQFIFYQPIIHRWRETDFFPCSATCGGGYQLTSAECYDLRSNRVVADQYCHYYPENIKPKPKLQECNLDPCPASDGYKQIMPYDLYHPLPRWEATPWTACSSSCGGGIQSRAVSCVEEDIQGHVTSVEEWKCMYTPKMPIAQPCNIFDCPKWLAQEWSPCTVTCGQGLRYRVVLCIDHRGMHTGGCSPKTKPHIKEECIVPTPCYKPKEKLPVEAKLPWFKQAQELEEGAAVSEEPSFIPEAWSACTVTCGVGTQVRIVRCQVLLSFSQSVADLPIDECEGPKPASQRACYAGPCSGEIPEFNPDETDGLFGGLQDFDELYDWEYEGFTKCSESCGGGVQEAVVSCLNKQTREPAEENLCVTSRRPPQLLKSCNLDPCPARWEIGKWSPCSLTCGVGLQTRDVFCSHLLSREMNETVILADELCRQPKPSTVQACNRFNCPPAWYPAQWQPCSRTCGGGVQKREVLCKQRMADGSFLELPETFCSASKPACQQACKKDDCPSEWLLSDWTECSTSCGEGTQTRSAICRKMLKTGLSTVVNSTLCPPLPFSSSIRPCMLATCARPGRPSTKHSPHIAAARKVYIQTRRQRKLHFVVGGFAYLLPKTAVVLRCPARRVRKPLITWEKDGQHLISSTHVTVAPFGYLKIHRLKPSDAGVYTCSAGPAREHFVIKLIGGNRKLVARPLSPRSEEEVLAGRKGGPKEALQTHKHQNGIFSNGSKAEKRGLAANPGSRYDDLVSRLLEQGGWPGELLASWEAQDSAERNTTSEEDPGAEQVLLHLPFTMVTEQRRLDDILGNLSQQPEELRDLYSKHLVAQLAQEIFRSHLEHQDTLLKPSERRTSPVTLSPHKHVSGFSSSLRTSSTGDAGGGSRRPHRKPTILRKISAAQQLSASEVVTHLGQTVALASGTLSVLLHCEAIGHPRPTISWARNGEEVQFSDRILLQPDDSLQILAPVEADVGFYTCNATNALGYDSVSIAVTLAGKPLVKTSRMTVINTEKPAVTVDIGSTIKTVQGVNVTINCQVAGVPEAEVTWFRNKSKLGSPHHLHEGSLLLTNVSSSDQGLYSCRAANLHGELTESTQLLILDPPQVPTQLEDIRALLAATGPNLPSVLTSPLGTQLVLDPGNSALLGCPIKGHPVPNITWFHGGQPIVTATGLTHHILAAGQILQVANLSGGSQGEFSCLAQNEAGVLMQKASLVIQDYWWSVDRLATCSASCGNRGVQQPRLRCLLNSTEVNPAHCAGKVRPAVQPIACNRRDCPSRWMVTSWSACTRSCGGGVQTRRVTCQKLKASGISTPVSNDMCTQVAKRPVDTQACNQQLCVEWAFSSWGQCNGPCIGPHLAVQHRQVFCQTRDGITLPSEQCSALPRPVSTQNCWSEACSVHWRVSLWTLCTATCGNYGFQSRRVECVHARTNKAVPEHLCSWGPRPANWQRCNITPCENMECRDTTRYCEKVKQLKLCQLSQFKSRCCGTCGKA,ECM
P27797,MLLSVPLLLGLLGLAVAEPAVYFKEQFLDGDGWTSRWIESKHKSDFGKFVLSSGKFYGDEEKDKGLQTSQDARFYALSASFEPFSNKGQTLVVQFTVKHEQNIDCGGGYVKLFPNSLDQTDMHGDSEYNIMFGPDICGPGTKKVHVIFNYKGKNVLINKDIRCKDDEFTHLYTLIVRPDNTYEVKIDNSQVESGSLEDDWDFLPPKKIKDPDASKPEDWDERAKIDDPTDSKPEDWDKPEHIPDPDAKKPEDWDEEMDGEWEPPVIQNPEYKGEWKPRQIDNPDYKGTWIHPEIDNPEYSPDPSIYAYDNFGVLGLDLWQVKSGTIFDNFLITNDEAYAEEFGNETWGVTKAAEKQMKDKQDEEQRLKEEEEDKKRKEEEEAEDKEDDEDKDEDEEDEEDKEEDEEEDVPGQAKDEL,ECM
Q76M96,MTWRMGPRFTMLLAMWLVCGSEPHPHATIRGSHGGRKVPLVSPDSSRPARFLRHTGRSRGIERSTLEEPNLQPLQRRRSVPVLRLARPTEPPARSDINGAAVRPEQRPAARGSPREMIRDEGSSARSRMLRFPSGSSSPNILASFAGKNRVWVISAPHASEGYYRLMMSLLKDDVYCELAERHIQQIVLFHQAGEEGGKVRRITSEGQILEQPLDPSLIPKLMSFLKLEKGKFGMVLLKKTLQVEERYPYPVRLEAMYEVIDQGPIRRIEKIRQKGFVQKCKASGVEGQVVAEGNDGGGGAGRPSLGSEKKKEDPRRAQVPPTRESRVKVLRKLAATAPALPQPPSTPRATTLPPAPATTVTRSTSRAVTVAARPMTTTAFPTTQRPWTPSPSHRPPTTTEVITARRPSVSENLYPPSRKDQHRERPQTTRRPSKATSLESFTNAPPTTISEPSTRAAGPGRFRDNRMDRREHGHRDPNVVPGPPKPAKEKPPKKKAQDKILSNEYEEKYDLSRPTASQLEDELQVGNVPLKKAKESKKHEKLEKPEKEKKKKMKNENADKLLKSEKQMKKSEKKSKQEKEKSKKKKGGKTEQDGYQKPTNKHFTQSPKKSVADLLGSFEGKRRLLLITAPKAENNMYVQQRDEYLESFCKMATRKISVITIFGPVNNSTMKIDHFQLDNEKPMRVVDDEDLVDQRLISELRKEYGMTYNDFFMVLTDVDLRVKQYYEVPITMKSVFDLIDTFQSRIKDMEKQKKEGIVCKEDKKQSLENFLSRFRWRRRLLVISAPNDEDWAYSQQLSALSGQACNFGLRHITILKLLGVGEEVGGVLELFPINGSSVVEREDVPAHLVKDIRNYFQVSPEYFSMLLVGKDGNVKSWYPSPMWSMVIVYDLIDSMQLRRQEMAIQQSLGMRCPEDEYAGYGYHSYHQGYQDGYQDDYRHHESYHHGYPY,ECM
Q07654,MKRVLSCVPEPTVVMAARALCMLGLVLALLSSSSAEEYVGLSANQCAVPAKDRVDCGYPHVTPKECNNRGCCFDSRIPGVPWCFKPLQEAECTF,ECM
O75339,MVGTKAWVFSFLVLEVTSVLGRQTMLTQSVRRVQPGKKNPSIFAKPADTLESPGEWTTWFNIDYPGGKGDYERLDAIRFYYGDRVCARPLRLEARTTDWTPAGSTGQVVHGSPREGFWCLNREQRPGQNCSNYTVRFLCPPGSLRRDTERIWSPWSPWSKCSAACGQTGVQTRTRICLAEMVSLCSEASEEGQHCMGQDCTACDLTCPMGQVNADCDACMCQDFMLHGAVSLPGGAPASGAAIYLLTKTPKLLTQTDSDGRFRIPGLCPDGKSILKITKVKFAPIVLTMPKTSLKAATIKAEFVRAETPYMVMNPETKARRAGQSVSLCCKATGKPRPDKYFWYHNDTLLDPSLYKHESKLVLRKLQQHQAGEYFCKAQSDAGAVKSKVAQLIVIASDETPCNPVPESYLIRLPHDCFQNATNSFYYDVGRCPVKTCAGQQDNGIRCRDAVQNCCGISKTEEREIQCSGYTLPTKVAKECSCQRCTETRSIVRGRVSAADNGEPMRFGHVYMGNSRVSMTGYKGTFTLHVPQDTERLVLTFVDRLQKFVNTTKVLPFNKKGSAVFHEIKMLRRKKPITLEAMETNIIPLGEVVGEDPMAELEIPSRSFYRQNGEPYIGKVKASVTFLDPRNISTATAAQTDLNFINDEGDTFPLRTYGMFSVDFRDEVTSEPLNAGKVKVHLDSTQVKMPEHISTVKLWSLNPDTGLWEEEGDFKFENQRRNKREDRTFLVGNLEIRERRLFNLDVPESRRCFVKVRAYRSERFLPSEQIQGVVISVINLEPRTGFLSNPRAWGRFDSVITGPNGACVPAFCDDQSPDAYSAYVLASLAGEELQAVESSPKFNPNAIGVPQPYLNKLNYRRTDHEDPRVKKTAFQISMAKPRPNSAEESNGPIYAFENLRACEEAPPSAAHFRFYQIEGDRYDYNTVPFNEDDPMSWTEDYLAWWPKPMEFRACYIKVKIVGPLEVNVRSRNMGGTHRQTVGKLYGIRDVRSTRDRDQPNVSAACLEFKCSGMLYDQDRVDRTLVKVIPQGSCRRASVNPMLHEYLVNHLPLAVNNDTSEYTMLAPLDPLGHNYGIYTVTDQDPRTAKEIALGRCFDGTSDGSSRIMKSNVGVALTFNCVERQVGRQSAFQYLQSTPAQSPAAGTVQGRVPSRRQQRASRGGQRQGGVVASLRFPRVAQQPLIN,ECM
Q15063,MIPFLPMFSLLLLLIVNPINANNHYDKILAHSRIRGRDQGPNVCALQQILGTKKKYFSTCKNWYKKSICGQKTTVLYECCPGYMRMEGMKGCPAVLPIDHVYGTLGIVGATTTQRYSDASKLREEIEGKGSFTYFAPSNEAWDNLDSDIRRGLESNVNVELLNALHSHMINKRMLTKDLKNGMIIPSMYNNLGLFINHYPNGVVTVNCARIIHGNQIATNGVVHVIDRVLTQIGTSIQDFIEAEDDLSSFRAAAITSDILEALGRDGHFTLFAPTNEAFEKLPRGVLERIMGDKVASEALMKYHILNTLQCSESIMGGAVFETLEGNTIEIGCDGDSITVNGIKMVNKKDIVTNNGVIHLIDQVLIPDSAKQVIELAGKQQTTFTDLVAQLGLASALRPDGEYTLLAPVNNAFSDDTLSMDQRLLKLILQNHILKVKVGLNELYNGQILETIGGKQLRVFVYRTAVCIENSCMEKGSKQGRNGAIHIFREIIKPAEKSLHEKLKQDKRFSTFLSLLEAADLKELLTQPGDWTLFVPTNDAFKGMTSEEKEILIRDKNALQNIILYHLTPGVFIGKGFEPGVTNILKTTQGSKIFLKEVNDTLLVNELKSKESDIMTTNGVIHVVDKLLYPADTPVGNDQLLEILNKLIKYIQIKFVRGSTFKEIPVTVYTTKIITKVVEPKIKVIEGSLQPIIKTEGPTLTKVKIEGEPEFRLIKEGETITEVIHGEPIIKKYTKIIDGVPVEITEKETREERIITGPEIKYTRISTGGGETEETLKKLLQEEVTKVTKFIEGGDGHLFEDEEIKRLLQGDTPVRKLQANKKVQGSRRRLREGRSQ,ECM
O43405,MSAAWIPALGLGVCLLLLPGPAGSEGAAPIAITCFTRGLDIRKEKADVLCPGGCPLEEFSVYGNIVYASVSSICGAAVHRGVISNSGGPVRVYSLPGRENYSSVDANGIQSQMLSRWSASFTVTKGKSSTQEATGQAVSTAHPPTGKRLKKTPEKKTGNKDCKADIAFLIDGSFNIGQRRFNLQKNFVGKVALMLGIGTEGPHVGLVQASEHPKIEFYLKNFTSAKDVLFAIKEVGFRGGNSNTGKALKHTAQKFFTVDAGVRKGIPKVVVVFIDGWPSDDIEEAGIVAREFGVNVFIVSVAKPIPEELGMVQDVTFVDKAVCRNNGFFSYHMPNWFGTTKYVKPLVQKLCTHEQMMCSKTCYNSVNIAFLIDGSSSVGDSNFRLMLEFVSNIAKTFEISDIGAKIAAVQFTYDQRTEFSFTDYSTKENVLAVIRNIRYMSGGTATGDAISFTVRNVFGPIRESPNKNFLVIVTDGQSYDDVQGPAAAAHDAGITIFSVGVAWAPLDDLKDMASKPKESHAFFTREFTGLEPIVSDVIRGICRDFLESQQ,ECM
Q96P44,MAHYITFLCMVLVLLLQNSVLAEDGEVRSSCRTAPTDLVFILDGSYSVGPENFEIVKKWLVNITKNFDIGPKFIQVGVVQYSDYPVLEIPLGSYDSGEHLTAAVESILYLGGNTKTGKAIQFALDYLFAKSSRFLTKIAVVLTDGKSQDDVKDAAQAARDSKITLFAIGVGSETEDAELRAIANKPSSTYVFYVEDYIAISKIREVMKQKLCEESVCPTRIPVAARDERGFDILLGLDVNKKVKKRIQLSPKKIKGYEVTSKVDLSELTSNVFPEGLPPSYVFVSTQRFKVKKIWDLWRILTIDGRPQIAVTLNGVDKILLFTTTSVINGSQVVTFANPQVKTLFDEGWHQIRLLVTEQDVTLYIDDQQIENKPLHPVLGILINGQTQIGKYSGKEETVQFDVQKLRIYCDPEQNNRETACEIPGFNGECLNGPSDVGSTPAPCICPPGKPGLQGPKGDPGLPGNPGYPGQPGQDGKPGYQGIAGTPGVPGSPGIQGARGLPGYKGEPGRDGDKGDRGLPGFPGLHGMPGSKGEMGAKGDKGSPGFYGKKGAKGEKGNAGFPGLPGPAGEPGRHGKDGLMGSPGFKGEAGSPGAPGQDGTRGEPGIPGFPGNRGLMGQKGEIGPPGQQGKKGAPGMPGLMGSNGSPGQPGTPGSKGSKGEPGIQGMPGASGLKGEPGATGSPGEPGYMGLPGIQGKKGDKGNQGEKGIQGQKGENGRQGIPGQQGIQGHHGAKGERGEKGEPGVRGAIGSKGESGVDGLMGPAGPKGQPGDPGPQGPPGLDGKPGREFSEQFIRQVCTDVIRAQLPVLLQSGRIRNCDHCLSQHGSPGIPGPPGPIGPEGPRGLPGLPGRDGVPGLVGVPGRPGVRGLKGLPGRNGEKGSQGFGYPGEQGPPGPPGPEGPPGISKEGPPGDPGLPGKDGDHGKPGIQGQPGPPGICDPSLCFSVIARRDPFRKGPNY,ECM
P01009,MPSSVSWGILLLAGLCCLVPVSLAEDPQGDAAQKTDTSHHDQDHPTFNKITPNLAEFAFSLYRQLAHQSNSTNIFFSPVSIATAFAMLSLGTKADTHDEILEGLNFNLTEIPEAQIHEGFQELLRTLNQPDSQLQLTTGNGLFLSEGLKLVDKFLEDVKKLYHSEAFTVNFGDTEEAKKQINDYVEKGTQGKIVDLVKELDRDTVFALVNYIFFKGKWERPFEVKDTEEEDFHVDQVTTVKVPMMKRLGMFNIQHCKKLSSWVLLMKYLGNATAIFFLPDEGKLQHLENELTHDIITKFLENEDRRSASLHLPKLSITGTYDLKSVLGQLGITKVFSNGADLSGVTEEAPLKLSKAVHKAVLTIDEKGTEAAGAMFLEAIPMSIPPEVKFNKPFVFLMIEQNTKSPLFMGKVVNPTQK,ECM
Q14118,MRMSVGLSLLLPLSGRTFLLLLSVVMAQSHWPSEPSEAVRDWENQLEASMHSVLSDLHEAVPTVVGIPDGTAVVGRSFRVTIPTDLIASSGDIIKVSAAGKEALPSWLHWDSQSHTLEGLPLDTDKGVHYISVSATRLGANGSHIPQTSSVFSIEVYPEDHSELQSVRTASPDPGEVVSSACAADEPVTVLTVILDADLTKMTPKQRIDLLHRMRSFSEVELHNMKLVPVVNNRLFDMSAFMAGPGNAKKVVENGALLSWKLGCSLNQNSVPDIHGVEAPAREGAMSAQLGYPVVGWHIANKKPPLPKRVRRQIHATPTPVTAIGPPTTAIQEPPSRIVPTPTSPAIAPPTETMAPPVRDPVPGKPTVTIRTRGAIIQTPTLGPIQPTRVSEAGTTVPGQIRPTMTIPGYVEPTAVATPPTTTTKKPRVSTPKPATPSTDSTTTTTRRPTKKPRTPRPVPRVTTKVSITRLETASPPTRIRTTTSGVPRGGEPNQRPELKNHIDRVDAWVGTYFEVKIPSDTFYDHEDTTTDKLKLTLKLREQQLVGEKSWVQFNSNSQLMYGLPDSSHVGKHEYFMHATDKGGLSAVDAFEIHVHRRPQGDRAPARFKAKFVGDPALVLNDIHKKIALVKKLAFAFGDRNCSTITLQNITRGSIVVEWTNNTLPLEPCPKEQIAGLSRRIAEDDGKPRPAFSNALEPDFKATSITVTGSGSCRHLQFIPVVPPRRVPSEAPPTEVPDRDPEKSSEDDVYLHTVIPAVVVAAILLIAGIIAMICYRKKRKGKLTLEDQATFIKKGVPIIFADELDDSKPPPSSSMPLILQEEKAPLPPPEYPNQSVPETTPLNQDTMGEYTPLRDEDPNAPPYQPPPPFTAPMEGKGSRPKNMTPYRSPPPYVPP,ECM
Q12805,MLKALFLTMLTLALVKSQDTEETITYTQCTDGYEWDPVRQQCKDIDECDIVPDACKGGMKCVNHYGGYLCLPKTAQIIVNNEQPQQETQPAEGTSGATTGVVAASSMATSGVLPGGGFVASAAAVAGPEMQTGRNNFVIRRNPADPQRIPSNPSHRIQCAAGYEQSEHNVCQDIDECTAGTHNCRADQVCINLRGSFACQCPPGYQKRGEQCVDIDECTIPPYCHQRCVNTPGSFYCQCSPGFQLAANNYTCVDINECDASNQCAQQCYNILGSFICQCNQGYELSSDRLNCEDIDECRTSSYLCQYQCVNEPGKFSCMCPQGYQVVRSRTCQDINECETTNECREDEMCWNYHGGFRCYPRNPCQDPYILTPENRCVCPVSNAMCRELPQSIVYKYMSIRSDRSVPSDIFQIQATTIYANTINTFRIKSGNENGEFYLRQTSPVSAMLVLVKSLSGPREHIVDLEMLTVSSIGTFRTSSVLRLTIIVGPFSF,ECM
Q75N90,MTLEGLYLARGPLARLLLAWSALLCMAGGQGRWDGALEAAGPGRVRRRGSPGILQGPNVCGSRFHAYCCPGWRTFPGRSQCVVPICRRACGEGFCSQPNLCTCADGTLAPSCGVSRGSGCSVSCMNGGTCRGASCLCQKGYTGTVCGQPICDRGCHNGGRCIGPNRCACVYGFMGPQCERDYRTGPCFGQVGPEGCQHQLTGLVCTKALCCATVGRAWGLPCELCPAQPHPCRRGFIPNIHTGACQDVDECQAVPGLCQGGSCVNMVGSFHCRCPVGHRLSDSSAACEDYRAGACFSVLFGGRCAGDLAGHYTRRQCCCDRGRCWAAGPVPELCPPRGSNEFQQLCAQRLPLLPGHPGLFPGLLGFGSNGMGPPLGPARLNPHGSDARGIPSLGPGNSNIGTATLNQTIDICRHFTNLCLNGRCLPTPSSYRCECNVGYTQDVRGECIDVDECTSSPCHHGDCVNIPGTYHCRCYPGFQATPTRQACVDVDECIVSGGLCHLGRCVNTEGSFQCVCNAGFELSPDGKNCVDHNECATSTMCVNGVCLNEDGSFSCLCKPGFLLAPGGHYCMDIDECQTPGICVNGHCTNTEGSFRCQCLGGLAVGTDGRVCVDTHVRSTCYGAIEKGSCARPFPGTVTKSECCCANPDHGFGEPCQLCPAKDSAEFQALCSSGLGITTDGRDINECALDPEVCANGVCENLRGSYRCVCNLGYEAGASGKDCTDVDECALNSLLCDNGWCQNSPGSYSCSCPPGFHFWQDTEICKDVDECLSSPCVSGVCRNLAGSYTCKCGPGSRLDPSGTFCLDSTKGTCWLKIQESRCEVNLQGASLRSECCATLGAAWGSPCERCEIDPACARGFARMTGVTCDDVNECESFPGVCPNGRCVNTAGSFRCECPEGLMLDASGRLCVDVRLEPCFLRWDEDECGVTLPGKYRMDVCCCSIGAVWGVECEACPDPESLEFASLCPRGLGFASRDFLSGRPFYKDVNECKVFPGLCTHGTCRNTVGSFHCACAGGFALDAQERNCTDIDECRISPDLCGQGTCVNTPGSFECECFPGYESGFMLMKNCMDVDECARDPLLCRGGTCTNTDGSYKCQCPPGHELTAKGTACEDIDECSLSDGLCPHGQCVNVIGAFQCSCHAGFQSTPDRQGCVDINECRVQNGGCDVHCINTEGSYRCSCGQGYSLMPDGRACADVDECEENPRVCDQGHCTNMPGGHRCLCYDGFMATPDMRTCVDVDECDLNPHICLHGDCENTKGSFVCHCQLGYMVRKGATGCSDVDECEVGGHNCDSHASCLNIPGSFSCRCLPGWVGDGFECHDLDECVSQEHRCSPRGDCLNVPGSYRCTCRQGFAGDGFFCEDRDECAENVDLCDNGQCLNAPGGYRCECEMGFDPTEDHRACQDVDECAQGNLCAFGSCENLPGMFRCICNGGYELDRGGGNCTDINECADPVNCINGVCINTPGSYLCSCPQDFELNPSGVGCVDTRAGNCFLETHDRGDSGISCSAEIGVGVTRASCCCSLGRAWGNPCELCPMANTTEYRTLCPGGEGFQPNRITVILEDIDECQELPGLCQGGDCVNTFGSFQCECPPGYHLSEHTRICEDIDECSTHSGICGPGTCYNTLGNYTCVCPAEYLQVNGGNNCMDMRKSVCFRHYNGTCQNELAFNVTRKMCCCSYNIGQAWNRPCEACPTPISPDYQILCGNQAPGFLTDIHTGKPLDIDECGEIPAICANGICINQIGSFRCECPAGFNYNSILLACEDVDECGSRESPCQQNADCINIPGSYRCKCTRGYKLSPGGACVGRNECREIPNVCSHGDCMDTEGSYMCLCHRGFQASADQTLCMDIDECDRQPCGNGTCKNIIGSYNCLCFPGFVVTHNGDCVDFDECTTLVGQVCRFGHCLNTAGSFHCLCQDGFELTADGKNCVDTNECLSLAGTCLPGTCQNLEGSFRCICPPGFQVQSDHCIDIDECSEEPNLCLFGTCTNSPGSFQCLCPPGFVLSDNGHRCFDTRQSFCFTRFEAGKCSVPKAFNTTKTRCCCSKRPGEGWGDPCELCPQEGSAAFQELCPFGHGAVPGPDDSREDVNECAENPGVCTNGVCVNTDGSFRCECPFGYSLDFTGINCVDTDECSVGHPCGQGTCTNVIGGFECACADGFEPGLMMTCEDIDECSLNPLLCAFRCHNTEGSYLCTCPAGYTLREDGAMCRDVDECADGQQDCHARGMECKNLIGTFACVCPPGMRPLPGSGEGCTDDNECHAQPDLCVNGRCVNTAGSFRCDCDEGFQPSPTLTECHDIRQGPCFAEVLQTMCRSLSSSSEAVTRAECCCGGGRGWGPRCELCPLPGTSAYRKLCPHGSGYTAEGRDVDECRMLAHLCAHGECINSLGSFRCHCQAGYTPDATATTCLDMDECSQVPKPCTFLCKNTKGSFLCSCPRGYLLEEDGRTCKDLDECTSRQHNCQFLCVNTVGAFTCRCPPGFTQHHQACFDNDECSAQPGPCGAHGHCHNTPGSFRCECHQGFTLVSSGHGCEDVNECDGPHRCQHGCQNQLGGYRCSCPQGFTQHSQWAQCVDENECALSPPTCGSASCRNTLGGFRCVCPSGFDFDQALGGCQEVDECAGRRGPCSYSCANTPGGFLCGCPQGYFRAGQGHCVSGLGFSPGPQDTPDKEELLSSEACYECKINGLSPRDRPRRSAHRDHQVNLATLDSEALLTLGLNLSHLGRAERILELRPALEGLEGRIRYVIVRGNEQGFFRMHHLRGVSSLQLGRRRPGPGTYRLEVVSHMAGPWGVQPEGQPGPWGQALRLKVQLQLL,ECM
P09382,MACGLVASNLNLKPGECLRVRGEVAPDAKSFVLNLGKDSNNLCLHFNPRFNAHGDANTIVCNSKDGGAWGTEQREAVFPFQPGSVAEVCITFDQANLTVKLPDGYEFKFPNRLNLEAINYMAADGDFKIKCVAFD,ECM
Q8N2S1,MPRPGTSGRRPLLLVLLLPLFAAATSAASPSPSPSQVVEVPGVPSRPASVAVCRCCPGQTSRRSRCIRAFCRVRSCQPKKCAGPQRCLNPVPAVPSPSPSVRKRQVSLNWQPLTLQEARALLKRRRPRGPGGRGLLRRRPPQRAPAGKAPVLCPLICHNGGVCVKPDRCLCPPDFAGKFCQLHSSGARPPAPAVPGLTRSVYTMPLANHRDDEHGVASMVSVHVEHPQEASVVVHQVERVSGPWEEADAEAVARAEAAARAEAAAPYTVLAQSAPREDGYSDASGFGYCFRELRGGECASPLPGLRTQEVCCRGAGLAWGVHDCQLCSERLGNSERVSAPDGPCPTGFERVNGSCEDVDECATGGRCQHGECANTRGGYTCVCPDGFLLDSSRSSCISQHVISEAKGPCFRVLRDGGCSLPILRNITKQICCCSRVGKAWGRGCQLCPPFGSEGFREICPAGPGYHYSASDLRYNTRPLGQEPPRVSLSQPRTLPATSRPSAGFLPTHRLEPRPEPRPDPRPGPELPLPSIPAWTGPEIPESGPSSGMCQRNPQVCGPGRCISRPSGYTCACDSGFRLSPQGTRCIDVDECRRVPPPCAPGRCENSPGSFRCVCGPGFRAGPRAAECLDVDECHRVPPPCDLGRCENTPGSFLCVCPAGYQAAPHGASCQDVDECTQSPGLCGRGACKNLPGSFRCVCPAGFRGSACEEDVDECAQEPPPCGPGRCDNTAGSFHCACPAGFRSRGPGAPCQDVDECARSPPPCTYGRCENTEGSFQCVCPMGFQPNTAGSECEDVDECENHLACPGQECVNSPGSFQCRTCPSGHHLHRGRCTDVDECSSGAPPCGPHGHCTNTEGSFRCSCAPGYRAPSGRPGPCADVNECLEGDFCFPHGECLNTDGSFACTCAPGYRPGPRGASCLDVDECSEEDLCQSGICTNTDGSFECICPPGHRAGPDLASCLDVDECRERGPALCGSQRCENSPGSYRCVRDCDPGYHAGPEGTCDDVDECQEYGPEICGAQRCENTPGSYRCTPACDPGYQPTPGGGCQDVDECRNRSFCGAHAVCQNLPGSFQCLCDQGYEGARDGRHCVDVNECETLQGVCGAALCENVEGSFLCVCPNSPEEFDPMTGRCVPPRTSAGTFPGSQPQAPASPVLPARPPPPPLPRRPSTPRQGPVGSGRRECYFDTAAPDACDNILARNVTWQECCCTVGEGWGSGCRIQQCPGTETAEYQSLCPHGRGYLAPSGDLSLRRDVDECQLFRDQVCKSGVCVNTAPGYSCYCSNGYYYHTQRLECIDNDECADEEPACEGGRCVNTVGSYHCTCEPPLVLDGSQRRCVSNESQSLDDNLGVCWQEVGADLVCSHPRLDRQATYTECCCLYGEAWGMDCALCPAQDSDDFEALCNVLRPPAYSPPRPGGFGLPYEYGPDLGPPYQGLPYGPELYPPPALPYDPYPPPPGPFARREAPYGAPRFDMPDFEDDGGPYGESEAPAPPGPGTRWPYRSRDTRRSFPEPEEPPEGGSYAGSLAEPYEELEAEECGILDGCTNGRCVRVPEGFTCRCFDGYRLDMTRMACVDINECDEAEAASPLCVNARCLNTDGSFRCICRPGFAPTHQPHHCAPARPRA,ECM
P27487,MKTPWKVLLGLLGAAALVTIITVPVVLLNKGTDDATADSRKTYTLTDYLKNTYRLKLYSLRWISDHEYLYKQENNILVFNAEYGNSSVFLENSTFDEFGHSINDYSISPDGQFILLEYNYVKQWRHSYTASYDIYDLNKRQLITEERIPNNTQWVTWSPVGHKLAYVWNNDIYVKIEPNLPSYRITWTGKEDIIYNGITDWVYEEEVFSAYSALWWSPNGTFLAYAQFNDTEVPLIEYSFYSDESLQYPKTVRVPYPKAGAVNPTVKFFVVNTDSLSSVTNATSIQITAPASMLIGDHYLCDVTWATQERISLQWLRRIQNYSVMDICDYDESSGRWNCLVARQHIEMSTTGWVGRFRPSEPHFTLDGNSFYKIISNEEGYRHICYFQIDKKDCTFITKGTWEVIGIEALTSDYLYYISNEYKGMPGGRNLYKIQLSDYTKVTCLSCELNPERCQYYSVSFSKEAKYYQLRCSGPGLPLYTLHSSVNDKGLRVLEDNSALDKMLQNVQMPSKKLDFIILNETKFWYQMILPPHFDKSKKYPLLLDVYAGPCSQKADTVFRLNWATYLASTENIIVASFDGRGSGYQGDKIMHAINRRLGTFEVEDQIEAARQFSKMGFVDNKRIAIWGWSYGGYVTSMVLGSGSGVFKCGIAVAPVSRWEYYDSVYTERYMGLPTPEDNLDHYRNSTVMSRAENFKQVEYLLIHGTADDNVHFQQSAQISKALVDVGVDFQAMWYTDEDHGIASSTAHQHIYTHMSHFIKQCFSLP,ECM
P08253,MEALMARGALTGPLRALCLLGCLLSHAAAAPSPIIKFPGDVAPKTDKELAVQYLNTFYGCPKESCNLFVLKDTLKKMQKFFGLPQTGDLDQNTIETMRKPRCGNPDVANYNFFPRKPKWDKNQITYRIIGYTPDLDPETVDDAFARAFQVWSDVTPLRFSRIHDGEADIMINFGRWEHGDGYPFDGKDGLLAHAFAPGTGVGGDSHFDDDELWTLGEGQVVRVKYGNADGEYCKFPFLFNGKEYNSCTDTGRSDGFLWCSTTYNFEKDGKYGFCPHEALFTMGGNAEGQPCKFPFRFQGTSYDSCTTEGRTDGYRWCGTTEDYDRDKKYGFCPETAMSTVGGNSEGAPCVFPFTFLGNKYESCTSAGRSDGKMWCATTANYDDDRKWGFCPDQGYSLFLVAAHEFGHAMGLEHSQDPGALMAPIYTYTKNFRLSQDDIKGIQELYGASPDIDLGTGPTPTLGPVTPEICKQDIVFDGIAQIRGEIFFFKDRFIWRTVTPRDKPMGPLLVATFWPELPEKIDAVYEAPQEEKAVFFAGNEYWIYSASTLERGYPKPLTSLGLPPDVQRVDAAFNWSKNKKTYIFAGDKFWRYNEVKKKMDPGFPKLIADAWNAIPDNLDAVVDLQGGGHSYFFKGAYYLKLENQSLKSVKFGSIKSDWLGC,ECM
Q9Y215,MVVLNPMTLGIYLQLFFLSIVSQPTFINSVLPISAALPSLDQKKRGGHKACCLLTPPPPPLFPPPFFRGGRSPLLSPDMKNLMLELETSQSPCMQGSLGSPGPPGPQGPPGLPGKTGPKGEKGELGRPGRKGRPGPPGVPGMPGPIGWPGPEGPRGEKGDLGMMGLPGSRGPMGSKGYPGSRGEKGSRGEKGDLGPKGEKGFPGFPGMLGQKGEMGPKGEPGIAGHRGPTGRPGKRGKQGQKGDSGVMGPPGKPGPSGQPGRPGPPGPPPAGQLIMGPKGERGFPGPPGRCLCGPTMNVNNPSYGESVYGPSSPRVPVIFVVNNQEELERLNTQNAIAFRRDQRSLYFKDSLGWLPIQLTPFYPVDYTADQHGTCGDGLLQPGEECDDGNSDVGDDCIRCHRAYCGDGHRHEGVEDCDGS,NON-ECM
